NAME,LATITUDE,LONGITUDE,ELEVATION
"CEDAR POINT, UT US",37.7158,-109.0827,2060.4
"WAH WAH RANCH, UT US",38.483,-113.4263,1487.4
"ARCHES NATIONAL PARK HQS, UT US",38.6163,-109.6191,1247.5
"FLATTOP MOUNTAIN CLEVELAND 1, UT US",39.3375,-110.6,1865.4
"PARAGONAH, UT US",37.88307,-112.77124,1801.4
"HUNTSVILLE MONASTERY, UT US",41.2402,-111.713,1566.7
"UTAH TEST RANGE, UT US",41.0498,-112.9367,1353.3
"TIMPANOGOS CAVE, UT US",40.44213,-111.71339,1679.4
"HANS FLAT RANGER STATION, UT US",38.25495,-110.17991,2011.7
"ROSETTE, UT US",41.82019,-113.41428,1735.8
"FORT DUCHESNE, UT US",40.2841,-109.8611,1539.8
"MIDWAY VALLEY, UT US",37.57,-112.84,2987
"LILY LAKE, UT US",40.86,-110.8,2790.7
"BEN LOMOND PEAK, UT US",41.38,-111.94,2438.4
"BRIAN HEAD, UT US",37.6933,-112.8469,2977.9
"LITTLE GRASSY, UT US",37.49,-113.85,1859.3
"WANSHIP DAM, UT US",40.7908,-111.4077,1810.5
"CIRCLEVILLE, UT US",38.1706,-112.2786,1844
"OLMSTEAD PH, UT US",40.31578,-111.65416,1472.2
"VERNON VERNON 10 N UTAH, UT US",40.0989,-112.4269,1676.4
"HITE RANGER STATION, UT US",37.87465,-110.388,1173.5
"CHALK CREEK NUMBER 2, UT US",40.89,-111.07,2486.6
"MARYSVALE, UT US",38.44923,-112.22398,1781.6
"SALT LAKE CITY E BENCH, UT US",40.73639,-111.81722,1478.3
"OURAY 4 NE, UT US",40.1345,-109.6435,1424.6
"PINE CREEK, UT US",38.88,-112.25,2679.2
"ZION NATIONAL PARK, UT US",37.2091,-112.9814,1230.8
"LA SAL 1 SW, UT US",38.30125,-109.26622,2068.7
"CART CREEK UTAH, UT US",40.8847,-109.4122,2103.1
"LOST CREEK SALINA 12 S UTAH, UT US",38.7708,-111.8625,2283
"LAKEFORK NUMBER 1, UT US",40.6,-110.43,3174.5
"KOLOB, UT US",37.53,-113.05,2806
"WENDOVER USAF AUXILIARY FIELD, UT US",40.7206,-114.0358,1291.4
"VERNON, UT US",40.0986,-112.48064,1663.6
"JOHNSON PASS, UT US",40.3375,-112.6114,1700.8
"SHIFTING SANDS RANCH, UT US",38.06667,-111.06667,1673.4
"CHALK CREEK NUMBER 1, UT US",40.85,-111.05,2741.1
"CLEAR CREEK NUMBER 2, UT US",39.89,-111.25,2334.5
"VEYO POWERHOUSE, UT US",37.3522,-113.6666,1402.1
"ORDERVILLE, UT US",37.2722,-112.6388,1664.2
"DEER CREEK DAM, UT US",40.4044,-111.5289,1606.3
"SKUNK RIDGE DELLE 8 NW, UT US",40.875,-112.875,1386.8
"OGDEN SUGAR FACTORY, UT US",41.23066,-112.02797,1304.5
"BOX CREEK, UT US",38.51,-112.02,2995.6
"FISH SPRINGS NWR, UT US",39.8401,-113.3978,1328
"OREM TREATMENT PLANT, UT US",40.2766,-111.7369,1374.6
"SEVIER DRY LAKE, UT US",38.73333,-113.21667,1378.9
"CASTLE VALLEY, UT US",37.66,-112.74,2920
"BADGER SPRING IVINS 14 W UTAH, UT US",37.1697,-113.9497,1216.2
"BARTHOLOMEW POWERHOU, UT US",40.16667,-111.5,1566.4
"BIG WATER, UT US",37.0769,-111.6638,1249.7
"CLEAR CREEK NUMBER 1, UT US",39.87,-111.28,2715.2
"MEXICAN HAT, UT US",37.1497,-109.8675,1252.4
"UTAH LAKE LEHI, UT US",40.3603,-111.8972,1373.1
"BRUIN POINT SUNNYSIDE 6 NNE U, UT US",39.6097,-110.2944,3109
"FLAMING GORGE, UT US",40.9294,-109.39586,1926.3
"ST. GEORGE, UT US",37.119,-113.6068,870.8
"TROPIC, UT US",37.62583,-112.08111,1914.1
"HELPER CARBON PLANT, UT US",39.7272,-110.8661,1859.3
"STEEL CREEK PARK, UT US",40.91,-110.5,3109
"HAYDEN FORK, UT US",40.8,-110.88,2807.8
"CRATER KNOLL BEAVER 14 NNW UT, UT US",38.4658,-112.7153,2185.4
"AQUA CANYON BRYCE CANYON NP., UT US",37.5222,-112.2711,2438.4
"PROMONTORY, UT US",41.25778,-112.49222,1284.7
"BARNEY RESERVOIR ESCALANTE 1, UT US",37.6131,-111.4208,1679.4
"FIVE MILE DUCHESNE 18 SSE UTA, UT US",39.8811,-110.2658,2438.4
"FARMINGTON, UT US",40.99,-111.82,2438.4
"VERNAL, UT US",40.44002,-109.53547,1629.2
"WOODRUFF, UT US",41.51479,-111.15948,1924.8
"HOVENWEEP NATIONAL MONUMENT, UT US",37.3858,-109.075,1597.2
"DANIELS STRAWBERRY, UT US",40.3,-111.26,2449.7
"FREMONT INDIAN S.P., UT US",38.5777,-112.3347,1804.4
"JENSEN, UT US",40.36435,-109.34574,1449.3
"GROUSE CREEK, UT US",41.7138,-113.8694,1621.5
"KIMBERLY MINE, UT US",38.48,-112.39,2782.5
"LASAL MOUNTAIN, UT US",38.48,-109.27,2913.9
"WEBSTER FLAT, UT US",37.58,-112.9,2805.1
"SALT LAKE TRIAD CENTER, UT US",40.7708,-111.8963,1304.5
"TREMONTON, UT US",41.7108,-112.1636,1313.7
"PARK CITY 4 NW, UT US",40.7,-111.53333,1969
"SILVER LAKE BRIGHTON, UT US",40.6012,-111.58393,2664
"SCOFIELD SKYLINE MINE, UT US",39.68414,-111.20532,2650.8
"CHEPETA, UT US",40.77,-110.01,3228.4
"ENSIGN BOUNTIFUL 5 NE, UT US",40.8,-111.9167,1709
"SEGO CANYON THOMPSON 10 N UTA, UT US",39.125,-109.7056,2438.4
"HEBER, UT US",40.4916,-111.4261,1703.8
"COTTONWOOD WEIR, UT US",40.6189,-111.7836,1519.7
"BLUFF, UT US",37.2824,-109.5575,1316.4
"BUCK FLAT, UT US",39.13,-111.44,2874.3
"PROVO BYU, UT US",40.2458,-111.6508,1392.9
"DINOSAUR NM QUARRY AREA, UT US",40.4384,-109.307,1463.6
"HEWINTA UTAH, UT US",40.9528,-110.4806,1981.2
"WELLINGTON 3 E, UT US",39.53168,-110.73473,1641.3
"BEAVER DIVIDE, UT US",40.61,-111.1,2523.7
"PARK CITY, UT US",40.6557,-111.5054,2103.1
"BIG FLAT, UT US",38.3,-112.36,3154.4
"OGDEN PIONEER PH, UT US",41.2439,-111.9466,1325.9
"KAMAS, UT US",40.6438,-111.2822,1975.4
"TRENTON, UT US",41.91531,-111.9113,1357.9
"THOMPSON WELCOME CENTER, UT US",38.95233,-109.68662,1547.5
"BROWN DUCK, UT US",40.58,-110.59,3230.9
"FARMINGTON 3 NW, UT US",41.0203,-111.9328,1335
"ESKDALE, UT US",39.1077,-113.9533,1517.9
"NEW HARMONY, UT US",37.4637,-113.2896,1574.9
"RICHMOND, UT US",41.9063,-111.81,1426.5
"UPPER SAND WASH UTAH, UT US",39.7136,-109.4461,1920.2
"BLOWHARD MOUNTAIN RADAR, UT US",37.5927,-112.8638,3259.5
"SEVIER RESERVOIR SCIPIO 9 NNE, UT US",39.35,-112,1624.6
"TIMPANOGOS DIVIDE, UT US",40.43,-111.62,2481.1
"ROOSEVELT RADIO, UT US",40.28748,-109.95896,1528
"CANYONLANDS THE NEEDLES, UT US",38.1678,-109.7597,1495.3
"ECHO DAM, UT US",40.96554,-111.4336,1667.3
"BRIGHTON, UT US",40.6,-111.58,2667
"ALTON, UT US",37.4402,-112.4819,2163.5
"SPANISH FORK POWER HOUSE, UT US",40.08003,-111.6046,1438.7
"HARRIS FLAT, UT US",37.49,-112.58,2377.4
"CAMP JACKSON, UT US",37.81,-109.49,2733.4
"DUGWAY, UT US",40.1838,-112.9216,1324.4
"MANTI, UT US",39.25826,-111.6307,1749.6
"CAPITOL REEF NATIONAL PARK, UT US",38.29132,-111.26221,1676.4
"GRANTSVILLE 2 W, UT US",40.602,-112.5076,1386.8
"SIMPSON SPRINGS VERNON 18 W, UT US",40.0922,-112.7342,1493.5
"MCCOOK RIDGE, UT US",39.6339,-109.2658,2133.6
"WIDTSOE NUMBER 3, UT US",37.84,-111.88,2938.3
"BEAVER CANYON POWER HOUSE, UT US",38.26827,-112.4818,2215.9
"SEELEY CREEK, UT US",39.31,-111.43,3020.6
"RANDOLPH, UT US",41.66077,-111.1869,1917.2
"CURRANT CREEK, UT US",40.36,-111.09,2438.4
"CORINNE, UT US",41.548,-112.1105,1289.3
"MINERS DRAW JENSEN 13 W UTAH, UT US",40.3764,-109.0847,2478
"DEWEY, UT US",38.81278,-109.29972,1255.8
"WEBER BASIN PUMP PLANT 3, UT US",41.1091,-111.9125,1493.5
"THAYNES CANYON, UT US",40.62,-111.53,2813.3
"MILFORD, UT US",38.40168,-113.01624,1526.7
"LONG VALLEY JCT, UT US",37.49,-112.51,2275
"SOLDIER SUMMIT, UT US",39.9292,-111.0794,2283
"FAIRVIEW, UT US",39.61667,-111.43333,1816.6
"SCIPIO, UT US",39.2454,-112.1066,1619.7
"CEDAR MOUNTAINS STOCKTON 24 W, UT US",40.3008,-112.7764,1219.2
"PINEVIEW DAM, UT US",41.25767,-111.83772,1505.7
"FAIRVIEW 8 N, UT US",39.7483,-111.4163,2057.4
"TRIAL LAKE, UT US",40.68,-110.95,3045.6
"FILLMORE, UT US",38.96035,-112.32399,1562.7
"BLANDING, UT US",37.61322,-109.48484,1839.5
"DONKEY RESERVOIR, UT US",38.21,-111.48,2987
"MUD SPRING EUREKA 13 SW UTAH, UT US",39.7986,-112.2722,1755.6
"DELTA, UT US",39.33741,-112.58571,1411.2
"LOGAN 5 SW EXPERIMENTAL FARM, UT US",41.6661,-111.8913,1367.9
"BLACK ROCK, UT US",38.7076,-112.9539,1498.4
"PAYSON RANGER STATION, UT US",39.93,-111.63,2458.5
"CALLAO, UT US",39.8997,-113.7128,1323.4
"BUG LAKE, UT US",41.68,-111.42,2423.2
"LITTLE BEAR, UT US",41.41,-111.83,1994.6
"SIGURD U P AND L, UT US",38.85,-112,1618.5
"MOSBY MOUNTAIN, UT US",40.61,-109.89,2898.6
"DRAPER POINT OF MOUNTAIN, UT US",40.4877,-111.8997,1373.4
"BUES CANYON UTAH, UT US",41.15,-111.9167,1554.5
"JENSEN SPRING BERYL 12 NNE, UT US",38.0333,-113.5167,1750.8
"BLACK FLAT U.M. CK, UT US",38.68,-111.6,2884
"MODENA, UT US",37.79806,-113.92556,1664.2
"RICHFIELD RADIO KSVC, UT US",38.76165,-112.07772,1610.9
"HANKSVILLE, UT US",38.37497,-110.71906,1304.5
"NATURAL BRIDGES N.M., UT US",37.6094,-109.9772,1983.6
"SNOWBIRD, UT US",40.56,-111.66,2938.3
"PRICE BLM, UT US",39.59912,-110.81888,1688.6
"SUNNYSIDE CITY CENT, UT US",39.5516,-110.3852,1990.3
"DUCHESNE, UT US",40.1703,-110.3978,1691.9
"TONY GROVE LAKE, UT US",41.9,-111.63,2582.9
"ALTAMONT, UT US",40.36696,-110.29858,1967.8
"CANYONLANDS THE NECK, UT US",38.46,-109.8213,1789.5
"WEST FORK HANNA 11 NW, UT US",40.465,-110.9583,2560.3
"TROUT CREEK, UT US",40.74,-109.67,2901.1
"EAST WILLOW CREEK, UT US",39.31,-109.53,2530.1
"ALTA, UT US",40.59058,-111.63703,2654.8
"PANGUITCH, UT US",37.82459,-112.4308,2016.3
"ROCK CREEK, UT US",40.55,-110.69,2404.6
"PAYSON, UT US",40.03694,-111.74806,1411.2
"BIRDSEYE, UT US",39.86667,-111.53333,1743.2
"BUCK FLAT ESCALANTE 10 NW UTA, UT US",37.9033,-111.6914,2438.4
"BRYCE CANYON NATIONAL PARK HQRS, UT US",37.64101,-112.17024,2404.9
"MILL D NORTH, UT US",40.66,-111.64,2733.1
"ANETH PLANT, UT US",37.25583,-109.32917,1394.8
"SMITH AND MOREHOUSE, UT US",40.79,-111.12,2316.5
"HICKERSON PARK, UT US",40.91,-109.96,2787.4
"UPPER P.R. CANYON UTAH, UT US",39.4678,-109.2836,2499.4
"FAIRFIELD, UT US",40.26231,-112.08973,1487.4
"RED DOME ROSETTE 22 S, UT US",41.5311,-113.4211,1438.7
"EPHRAIM, UT US",39.35833,-111.59851,1675.8
"KODACHROME BASIN PARK, UT US",37.5141,-111.9883,1769.4
"MINERSVILLE, UT US",38.2163,-112.9211,1609.3
"ASSAY HATCH 10 SW, UT US",37.5167,-112.5556,2468.9
"MYTON, UT US",40.19404,-110.06087,1549.9
"PLYMOUTH, UT US",41.87402,-112.1487,1362.5
"MUSKRAT SPRINGS DELLE 10 SSE, UT US",40.6344,-112.6836,1341.1
"SNAKE CREEK POWERHOUSE, UT US",40.5452,-111.5041,1831.8
"WHITE RIVER NUMBER 1, UT US",39.96,-110.99,2633.8
"BOULDER, UT US",37.905,-111.42,2026.9
"STRAWBERRY DIVIDE, UT US",40.16,-111.21,2475.9
"COALVILLE, UT US",40.9138,-111.3983,1691.6
"LOGAN RADIO KVNU, UT US",41.73497,-111.85637,1364
"LEVAN, UT US",39.5608,-111.8652,1614.8
"LOGAN UTAH ST U, UT US",41.7456,-111.8033,1460
"PARLEY S SUMMIT, UT US",40.76,-111.63,2286
"ANGLE, UT US",38.2486,-111.9608,1953.8
"LOOKOUT PEAK, UT US",40.84,-111.71,2499.4
"SUMMIT, UT US",37.80134,-112.93787,1815.1
"ESCALANTE, UT US",37.7686,-111.5977,1770.9
"SALT LAKE CITY INTERNATIONAL AIRPORT, UT US",40.77069,-111.96503,1288.4
"HEWINTA, UT US",40.95,-110.48,2901.4
"DESERET, UT US",39.28754,-112.6513,1399.6
"MOAB, UT US",38.57447,-109.54583,1235.4
"ALLEN S RANCH, UT US",40.89972,-109.15278,1673.4
"CEDAR CITY 5 E, UT US",37.65647,-112.99179,1970.5
"KOOSHAREM, UT US",38.5086,-111.8841,2112.3
"BLACK CEDAR FILMORE 5 E UTAH, UT US",38.9792,-112.2394,1975.1
"COTTONWOOD WASH UTAH, UT US",39.8358,-109.5811,1706.9
"KANOSH, UT US",38.7952,-112.4382,1335.6
"PARTOUN, UT US",39.6309,-113.8858,1456.9
"INDIAN CANYON, UT US",39.89,-110.75,2796.5
"RED PINE RIDGE, UT US",39.45,-111.27,2745.9
"NORWAY KAMAS 10 W UTAH, UT US",40.6517,-111.0519,2523.7
"MONTE CRISTO, UT US",41.47,-111.5,2731
"HORSE RIDGE, UT US",41.31,-111.45,2487.2
"GARFIELD, UT US",40.7242,-112.1975,1310
"NEOLA, UT US",40.41773,-110.05115,1798.3
"ENTERPRISE BERYL JCT, UT US",37.7697,-113.6555,1569.7
"FARNSWORTH LAKE, UT US",38.77,-111.68,2951.1
"LOA, UT US",38.40616,-111.64235,2153.4
"MAESER 9 NW, UT US",40.5602,-109.6641,1965.4
"OAK CITY, UT US",39.37089,-112.33159,1575.5
"FERRON, UT US",39.08842,-111.14852,1813.6
"KING S CABIN, UT US",40.72,-109.54,2659.1
"ENTERPRISE, UT US",37.57249,-113.70911,1621.5
"LAKETOWN, UT US",41.82517,-111.32064,1822.7
"VERNON CREEK, UT US",39.94,-112.41,2255.8
"MORGAN, UT US",41.03654,-111.6712,1546.9
"SIGNAL PEAK MONROE 5 E UTAH, UT US",38.6319,-112.0611,2667
"BOUNTIFUL BENCH, UT US",40.891,-111.8504,1508.8
"PLEASANT GROVE, UT US",40.36786,-111.73447,1429.5
"CURRANT CREEK JCT, UT US",40.2,-110.9,2036.1
"TULE VALLEY DELTA 49 W UTAH, UT US",39.35,-113.3847,1585
"PICKLE KEG, UT US",39.01,-111.58,2926.1
"DILL S CAMP, UT US",39.05,-111.47,2798.7
"KINGS POINT DUTCH JOHN 16 ESE, UT US",40.8606,-109.1022,1728.2
"BOUNTIFUL VAL VERDA, UT US",40.8547,-111.8902,1383.8
"MAMMOTH COTTONWOOD, UT US",39.68,-111.32,2660
"TELEGRAPH FLAT KANAB 17 E UTA, UT US",37.2,-112.025,1664.2
"NEPHI, UT US",39.71203,-111.83198,1568.5
"GOOSEBERRY RANGER STATION, UT US",38.8,-111.68,2423.2
"CASTLE VALLEY, UT US",38.6513,-109.3986,1440.2
"FIVE POINTS LAKE, UT US",40.72,-110.47,3334.5
"HIAWATHA, UT US",39.48333,-111.01667,2218.9
"THIOKOL PROPULSION F S, UT US",41.7197,-112.4264,1402.1
"WIDTSOE 3 NNE, UT US",37.8747,-111.973,2298.2
"HATCH, UT US",37.6521,-112.4361,2101
"GREEN RIVER AVIATION, UT US",38.99056,-110.15444,1240.5
"KNOLLS 10 NE, UT US",40.81333,-113.2,1292.4
"MORONI, UT US",39.5266,-111.5872,1700.8
"KANAB, UT US",37.02872,-112.53606,1493.5
"CUTLER DAM, UT US",41.83308,-112.05788,1307.6
"DIAMOND RIM, UT US",40.6172,-109.2428,1676.4
"CITY CREEK WATER PLANT, UT US",40.81496,-111.83209,1627.6
"LYTLE RANCH, UT US",37.143,-114.0213,849.5
"DRY BREAD POND, UT US",41.41,-111.54,2545.1
"BRIMSTONE RES. MILFORD 20 WSW, UT US",38.3083,-113.3847,1713
"KANE GULCH BLANDING 23 WSW, UT US",37.5264,-109.8936,2011.7
"HORSE RIDGE UTAH, UT US",39.9336,-110.8617,2584.7
"ROCKY BASIN SETTLEME, UT US",40.44,-112.24,2712.7
"BEN LOMOND TRAIL, UT US",41.38,-111.92,1776.7
"HANNA, UT US",40.4005,-110.7586,2053.7
"HORSE HOLLOW COVE FORT 5 W UT, UT US",38.6667,-112.6508,1831.8
"MONTICELLO 2 E, UT US",37.87361,-109.3075,2078.7
"GUNLOCK PH, UT US",37.2805,-113.7283,1252.7
"ELBERTA, UT US",39.95,-111.95,1429.5
"HOLE IN ROCK, UT US",40.92,-110.19,2788.9
"CEDAR CITY AIRPORT, UT US",37.70672,-113.09698,1703.8
"MERCHANT VALLEY, UT US",38.3,-112.44,2652.7
"LAKEFORK BASIN, UT US",40.74,-110.62,3342.4
"BONANZA, UT US",40.01667,-109.18333,1661.2
"CASTLEDALE HTR UP AND L, UT US",39.17444,-111.02917,1725.2
"TOOELE, UT US",40.5352,-112.3218,1506.9
"CASTLE DALE, UT US",39.20765,-111.0128,1715.7
"BEAR LAKE STATE PARK, UT US",41.96393,-111.39844,1806.9
"IBAPAH, UT US",40.01492,-114.01084,1638
"LONG FLAT, UT US",37.51,-113.4,2438.4
"SANTAQUIN CHLORINATOR, UT US",39.9578,-111.7794,1572.8
"BEAVER DAMS, UT US",39.14,-111.56,2435.4
"SALINA 24 E, UT US",38.91289,-111.41647,2304.3
"BIG INDIAN VALLEY LASAL 6 S U, UT US",38.2244,-109.2783,2121.4
"BEAR RIVER BAY, UT US",41.3,-112.26667,1283.2
"LITTLE SAHARA RECREATION AREA, UT US",39.7268,-112.3069,1594.1
"SALINA, UT US",38.9594,-111.8547,1561.5
"ELECTRIC LAKE, UT US",39.5997,-111.2127,2554.2
"MINING FORK, UT US",40.49,-112.61,2505.8
"BRYSON CANYON UTAH, UT US",39.2933,-109.2372,1621.5
"LA VERKIN, UT US",37.2009,-113.2685,973.5
"BRIGHAM CITY WASTE PLANT, UT US",41.52417,-112.04349,1292.4
"HARDSCRABBLE, UT US",40.87,-111.72,2209.8
"SNYDERVILLE, UT US",40.70384,-111.53674,1976.6
"ALPINE, UT US",40.46437,-111.77088,1554.5
"PARIETTE DRAW, UT US",40.0694,-109.8569,1456.9
"DRY FORK, UT US",40.57,-112.17,2161.9
"AGUA CANYON, UT US",37.52,-112.27,2712.7
"LAVA POINT UTAH, UT US",37.3917,-113.0389,2347
"COALVILLE 13 E, UT US",40.9383,-111.1472,1984.2
"MOUNTAIN DELL DAM, UT US",40.74853,-111.72323,1652
"WHEELER FARM, UT US",40.63722,-111.86222,1335
"SUNDANCE, UT US",40.3913,-111.5766,2017.8
"RAY S VALLEY UTAH, UT US",40.1178,-111.2747,2225
"NORTH LONG POINT UTAH, UT US",37.8547,-109.8389,2645.7
"ARAGONITE UTAH, UT US",40.5983,-113.0217,1533.1
"MILFORD MUNICIPAL AIRPORT, UT US",38.42251,-113.01089,1533.5
"PLEASANT GROVE UTAH, UT US",40.4311,-111.75,1585
"BULLFROG BASIN, UT US",37.52686,-110.71655,1164.9
"MOAB CANYONLAND AIRPORT, UT US",38.75006,-109.76267,1387.1
"VERNAL MUNICIPAL AIRPORT, UT US",40.44293,-109.51278,1604.9
"PRICE CARBON CO AIRPORT, UT US",39.60886,-110.75547,1777.2
"CHEPETA UTAH, UT US",40.8111,-110.0747,3694.2
"OGDEN HINKLEY AIRPORT, UT US",41.19406,-112.01682,1356.1
"LOGAN CACHE AIRPORT, UT US",41.7865,-111.85188,1355.7
"TOM BEST SPRING UTAH, UT US",37.8167,-112.1167,2286
"JOES VALLEY UTAH, UT US",39.3094,-111.3228,2651.8
"PARIA RANGER STATION, UT US",37.10457,-111.90013,1349
"LOUIS MEADOW, UT US",40.83,-111.76,2042.2
"PARRISH CREEK, UT US",40.93,-111.81,2359.2
"BULLFROG 8 N, UT US",37.63028,-110.72806,1225.3
"BEAR RIVER UTAH, UT US",40.8844,-110.8292,2601.8
"CLAYTON SPRINGS, UT US",37.97,-111.83,3062.9
"CEDAR CITY, UT US",37.6658,-113.08372,1856.2
"BRYCE CANYON AIRPORT, UT US",37.70127,-112.14897,2309.9
"ENTERPRISE UTAH, UT US",37.5586,-113.7172,1627.6
"TEMPLE FORK, UT US",41.79,-111.55,2257.3
"MANILA, UT US",40.99,-109.7258,1948.6
"CASCADE MOUNTAIN, UT US",40.28,-111.61,2369.5
"OTTER CREEK UTAH, UT US",41.7533,-111.2806,2182.4
"JARVIE RANCH, UT US",40.8991,-109.1788,1662.4
"BLACKTAIL UTAH, UT US",40.2692,-110.5622,2246.1
"GREENVILLE BENCH SAND HOLLOW, UT US",38.1964,-112.6619,1914.1
"ROSEBUD UTAH, UT US",41.6097,-113.5906,1520
"FARMINGTON LOWER, UT US",40.97,-111.81,2066.2
"BRYCE CANYON UTAH, UT US",37.6417,-112.1722,2394.2
"GUTZ PEAK, UT US",37.5,-113.94,2061.4
"GARDNER PEAK, UT US",37.4,-113.46,2536.5
"LIGHTNING RIDGE, UT US",41.36,-111.49,2503.9
"GOBLIN VALLEY STATE PARK, UT US",38.57787,-110.7077,1511.8
"GRANITE PEAK DUGWAY PROVING GROUND, UT US",40.160386,-113.350616,1310.6
"BRIGHAM CITY 28 WNW, UT US",41.6163,-112.5437,1509.1
"USU DOC DANIEL, UT US",41.86,-111.51,2520.7
"TIMBERLINE, UT US",39.68,-110.43,2662.7
"TORREY 7 E, UT US",38.3028,-111.2935,1891
"CANYON BREEZE RANCH, UT US",37.6661,-113.5423,1634.6
"JONES CORRAL, UT US",38.07,-112.17,2971.5
"KAMAS 0.1 ESE, UT US",40.642938,-111.272703,1985.2
"PARK CITY 5.5 NNE, UT US",40.74,-111.49,1986.1
"SPANISH FORK 1.0 W, UT US",40.113758,-111.657902,1396
"LEHI 1.8 W, UT US",40.40738,-111.88823,1381
"CEDAR CITY 1.8 S, UT US",37.663099,-113.074176,1801.1
"CEDAR CITY 6.2 NNW, UT US",37.7753,-113.1073,1664.8
"AMERICAN FORK 1.4 NW, UT US",40.400881,-111.808729,1448.4
"PROVO 3.4 SSE, UT US",40.201285,-111.620077,1397.2
"LOGAN 0.5 ENE, UT US",41.74375,-111.8258333,1390.5
"RICHMOND 0.5 WNW, UT US",41.922121,-111.8193,1394.8
"LOGAN 1.7 ESE, UT US",41.730508,-111.804616,1464.6
"PROVIDENCE 0.8 WNW, UT US",41.711081,-111.825701,1380.1
"LOGAN 0.9 SE, UT US",41.731135,-111.821832,1386.8
"TOOELE 1.7 N, UT US",40.560747,-112.295056,1460.9
"STANSBURY PARK 1.1 SSE, UT US",40.623948,-112.294754,1322.8
"WEST WEBER 1.0 ESE, UT US",41.243484,-112.063724,1294.8
"COTTONWOOD HEIGHTS 1.5 SE, UT US",40.59332,-111.79224,1566.1
"VERNAL 1.5 WSW, UT US",40.446328,-109.562576,1662.1
"SANDY 2.7 SE, UT US",40.545651,-111.851784,1454.2
"TAYLORSVILLE 0.3 NNW, UT US",40.673553,-111.932373,1302.4
"SOUTH SALT LAKE 2.4 NE, UT US",40.735314,-111.865302,1316.7
"WEST JORDAN 1.6 NNW, UT US",40.619037,-112.011137,1442.3
"WEST JORDAN 3.5 NE, UT US",40.626411,-111.92531,1322.5
"MOUNT OLYMPUS 0.5 SW, UT US",40.680272,-111.795003,1535
"SANDY 1.6 NE, UT US",40.59935,-111.85476,1409.4
"DELTA 0.5 NNE, UT US",39.3595,-112.57223,1414
"DELTA 2.2 SW, UT US",39.33078,-112.6053,1406
"OAK CITY 0.3 SSE, UT US",39.37229,-112.33387,1565.1
"HOLLADAY 0.5 ESE, UT US",40.665693,-111.811475,1396
"ABRAHAM 2.5 N, UT US",39.43329,-112.71777,1397.2
"LYMAN 0.2 SW, UT US",38.3943,-111.5911,2184.8
"SUNNYSIDE CITY, UT US",39.5512,-110.3897,1984.6
"SALT LAKE CITY 8.3 ENE, UT US",40.777261,-111.729849,1725.8
"SANDY 1.0 ESE, UT US",40.5779,-111.8556,1416.4
"SANDY 2.0 NE, UT US",40.604593,-111.852449,1413.4
"COTTONWOOD HEIGHTS 1.6 SE, UT US",40.591254,-111.790283,1594.1
"HONEYVILLE 0.5 NNE, UT US",41.640448,-112.077956,1319.2
"THATCHER 0.2 NE, UT US",41.70248,-112.297411,1345.4
"TREMONTON 0.3 ENE, UT US",41.716678,-112.171474,1318.9
"BRIGHAM CITY 1.2 N, UT US",41.5267,-112.005,1330.1
"SALT LAKE CITY 3.3 E, UT US",40.77508,-111.866447,1392.3
"SALT LAKE CITY 2.1 SE, UT US",40.744667,-111.8677,1311.6
"LAYTON 1.7 E, UT US",41.077419,-111.922049,1445.4
"FARMINGTON 1.8 W, UT US",40.9874,-111.9286,1292
"WOODS CROSS 0.5 SW, UT US",40.867566,-111.918094,1296
"BOUNTIFUL 0.8 SE, UT US",40.869345,-111.851966,1559.7
"BOUNTIFUL 1.7 NE, UT US",40.904621,-111.865697,1362.8
"CENTERVILLE 0.8 NE, UT US",40.934638,-111.876129,1324.7
"PARK CITY 1.3 E, UT US",40.655681,-111.469021,2243.9
"BENSON 1.0 SSW, UT US",41.78739446,-111.9276077,1349.7
"HYDE PARK 0.7 NW, UT US",41.805098,-111.823341,1375.6
"MORGAN 0.8 SE, UT US",41.033,-111.673,1552
"NORTH LOGAN 0.8 ESE, UT US",41.7690208,-111.7994985,1447.5
"RICHMOND 1.6 NE, UT US",41.9383,-111.79,1502.1
"MENDON 0.3 NE, UT US",41.71383,-111.97533,1517.3
"TOOELE 1.6 NNE, UT US",40.556676,-112.287318,1480.4
"TOOELE 1.6 SSW, UT US",40.51679,-112.317591,1544.4
"HEBER CITY 2.4 SSE, UT US",40.473332,-111.402047,1758.1
"HEBER CITY 7.2 E, UT US",40.487918,-111.277096,2164.1
"SANDY 1.2 SSW, UT US",40.554651,-111.864855,1394.5
"KLONDIKE NARROWS, UT US",41.97,-111.6,2209.8
"HENRIEVILLE 0.2 SSW, UT US",37.56257411,-111.9962852,1824.8
"BOULDER 1.3 NNW, UT US",37.9477771,-111.432807,2185.7
"THATCHER 1.7 ESE, UT US",41.694725,-112.267479,1308.2
"OREM 2.6 S, UT US",40.260661,-111.688871,1440.2
"GARDEN CITY SUMMIT, UT US",41.92,-111.47,2348.5
"MOAB 0.3 ENE, UT US",38.5738,-109.5421,1243.3
"MOAB 3.7 ESE, UT US",38.545229,-109.487798,1430.1
"MOAB 1.3 NW, UT US",38.5864,-109.5629,1216.5
"SPIRIT LK, UT US",40.84,-110.01,3119.6
"WEST HAVEN 2.0 SW, UT US",41.18484,-112.09012,1292
"VERNAL 3.7 WNW, UT US",40.47985,-109.59571,1726.1
"TONY GROVE RANGER STATION, UT US",41.89,-111.57,1930
"ROY 0.5 NE, UT US",41.177241,-112.038446,1372.2
"TROPIC 9 SE, UT US",37.5174,-111.9775,1796.8
"BURTS MILLER RANCH, UT US",40.98,-110.85,2438.4
"CASTLE VALLEY 1 NE, UT US",38.6472,-109.3891,1458.8
"SALT LAKE CITY 4.9 SE, UT US",40.720544,-111.824513,1404.5
"CIRCLEVILLE 0.7 W, UT US",38.165327,-112.2746,1852.9
"SALT LAKE CITY 3.6 SE, UT US",40.733617,-111.833168,1399
"SANDY 2.1 WNW, UT US",40.584877,-111.888231,1363.4
"BOUNTIFUL 1.3 S, UT US",40.857155,-111.866977,1549.9
"LOGAN 0.7 SW, UT US",41.732403,-111.845238,1376.2
"WEST VALLEY CITY 2.5 ESE, UT US",40.680082,-111.963118,1315.8
"SANDY 2.0 ESE, UT US",40.556585,-111.820815,1478.9
"FARMINGTON 1.5 NNW, UT US",41.0078,-111.9067,1352.1
"LAKEFORK NUMBER 3, UT US",40.55,-110.35,2579.8
"OAKLEY 1.0 SW, UT US",40.71379459,-111.3024268,1960.2
"LOGAN 0.5 E, UT US",41.740786,-111.825338,1394.5
"GEORGE CREEK, UT US",41.92,-113.41,2744.7
"LOGAN 2.5 ENE, UT US",41.756755,-111.792477,1470.7
"GRANTSVILLE 2.0 SSE, UT US",40.568833,-112.459931,1368.6
"STOCKTON 0.6 NW, UT US",40.458156,-112.370317,1550.5
"TOOELE 1.3 ENE, UT US",40.545995,-112.278971,1519.7
"HURRICANE 2.4 E, UT US",37.157582,-113.296019,998.2
"SANTA CLARA 1.3 SE, UT US",37.120268,-113.63623,833.9
"ST. GEORGE 4.1 NNW, UT US",37.13006,-113.616382,868.4
"SPRINGDALE 0.6 SW, UT US",37.17886092,-113.0085397,1171
"ST. GEORGE 1.5 SSW, UT US",37.05848,-113.589281,776.9
"HURRICANE 2.4 ENE, UT US",37.17158,-113.297481,987.2
"ROCKVILLE 5.1 SW, UT US",37.102767,-113.127657,1449.9
"SUTHERLAND 1.5 SW, UT US",39.37492,-112.65436,1405.7
"GARLAND 1.0 SE, UT US",41.7266652,-112.1482226,1319.2
"PERRY 0.6 S, UT US",41.456491,-112.033574,1368.9
"LOST CREEK RESV, UT US",41.22,-111.36,1853.8
"KILFOIL CREEK, UT US",41.25,-111.41,2200.7
"BLACKS FORK JCT, UT US",40.96,-110.58,2703.6
"PROVO 22 E, UT US",40.2816,-111.2398,2379.9
"SALEM 1.2 SW, UT US",40.038148,-111.684064,1439.3
"EF BLACKS FORK GS, UT US",40.88,-110.54,2852.9
"SQUAW SPRINGS, UT US",38.5,-112.01,2775.2
"MOAB 3.3 SE, UT US",38.5452237,-109.4962052,1378
"MOAB 0.7 ESE, UT US",38.5681308,-109.5353447,1258.8
"MOAB 5.9 SE, UT US",38.508105,-109.474534,1422.8
"CASTLE VALLEY 0.6 W, UT US",38.6331,-109.4104,1458.8
"EDEN 0.3 W, UT US",41.300193,-111.82527,1507.8
"ROY 1.7 NNE, UT US",41.193664,-112.026571,1358.5
"HOOPER 0.1 S, UT US",41.1709,-112.1249333,1290.5
"FISH LAKE UTAH, UT US",38.5,-111.77,2681.6
"BEAR RIVER RANGER STATION, UT US",40.89,-110.83,2675.2
"DELTA 4 NE, UT US",39.3872,-112.5095,1451.2
"ST. GEORGE 15 NE, UT US",37.2157,-113.3794,1041.5
"MIDWAY 3 NE, UT US",40.5467,-111.4137,1752
"MILFORD 42 WNW, UT US",38.5943,-113.7511,1601.7
"SALT LAKE CITY 1.8 SE, UT US",40.744,-111.864,1325
"SALT LAKE CITY 2.1 NE, UT US",40.788922,-111.873316,1550.8
"TAYLORSVILLE 2.4 SW, UT US",40.647341,-111.96394,1366.1
"COTTONWOOD HEIGHTS 1.3 WSW, UT US",40.603246,-111.833659,1410.3
"MIDVALE 1.7 NE, UT US",40.626954,-111.87707,1342
"MAGNA 1.2 W, UT US",40.70699,-112.108288,1316.4
"MILLVILLE 0.3 SE, UT US",41.6766836,-111.8153146,1418.5
"OAK CREEK, UT US",39.35,-112.33,2392.7
"MAGNA 1.2 W, UT US",40.703416,-112.108686,1333.5
"BLUFF 32 NW, UT US",37.601,-109.9886,1959.3
"MONTICELLO 0.9 W, UT US",37.869663,-109.352089,2170.5
"MONTICELLO 24 NW, UT US",38.1402,-109.6165,1531.6
"SALT LAKE CITY 0.7 NNW, UT US",40.787058,-111.932946,1286
"BLANDING 26 SSW, UT US",37.2667,-109.6074,1338.1
"SANDY 1.1 NNE, UT US",40.58574561,-111.8490742,1436.8
"CEDAR CITY 18 SSE, UT US",37.4572,-113.2248,1553.3
"MEXICAN HAT 10 NW, UT US",37.2507,-109.9877,1939.7
"PARK CITY 8.6 NNW, UT US",40.76538,-111.570606,1943.7
"BEAVER 15 E, UT US",38.2731,-112.377,3088.2
"BOTHWELL 2.6 WSW, UT US",41.709538,-112.317884,1460
"BOTHWELL 0.9 ENE, UT US",41.725,-112.2534,1323.7
"HYRUM, UT US",41.6395,-111.8654,1417.6
"BUCK PASTURE, UT US",40.84,-110.66,2956.6
"PLEASANT GROVE 1.0 WNW, UT US",40.378274,-111.748849,1406.7
"VERNAL 23 SSE, UT US",40.1346,-109.6429,1424.6
"GRANTSVILLE 12 WNW, UT US",40.6364,-112.6774,1395.4
"MANILA 18 ESE, UT US",40.9226,-109.3899,1992.2
"BRIAN HEAD, UT US",37.68,-112.86,3039.5
"OGDEN NE BENCH, UT US",41.2459,-111.9371,1393.5
"SOUTH OGDEN 1.5 SSE, UT US",41.155501,-111.942894,1455.4
"VERNAL 9.8 NW, UT US",40.559559,-109.658624,1962.6
"NAPLES 0.8 N, UT US",40.44077,-109.49056,1582.8
"NORTH OGDEN 1.2 S, UT US",41.29386,-111.958013,1338.7
"OGDEN 2.0 NE, UT US",41.25111111,-111.9416667,1385.6
"EDEN, UT US",41.34431,-111.84851,1597.2
"SPANISH VALLEY 25 SW, UT US",38.313,-109.8539,1912.6
"GOOSEBERRY RANGER STATION UP, UT US",38.79,-111.69,2560.3
"PRICE 3 E, UT US",39.608,-110.7508,1778.5
"SOUTH WEBER 0.3 ESE, UT US",41.1329,-111.9285,1377.1
"NORTH LOGAN 0.7 E, UT US",41.771817,-111.800767,1440.2
"ROOSEVELT 0.2 WSW, UT US",40.2948463,-110.0036852,1574.9
"MONTICELLO NUMBER 2, UT US",37.8676,-109.3513,2159.8
"ROOSEVELT 1.1 SE, UT US",40.28638889,-109.9830556,1531.9
"LAYTON, UT US",41.0972,-111.9972,1359.4
"HOLLADAY 0.7 WNW, UT US",40.673519,-111.831784,1358.2
"BUCKBOARD FLAT, UT US",37.87,-109.45,2742.6
"LA VERKIN 0.3 W, UT US",37.20577528,-113.2787284,985.7
"ST. GEORGE 2.2 SSE, UT US",37.04695892,-113.5705261,840
"LASAL MOUNTAIN LOWER, UT US",38.48,-109.29,2689.9
"REES FLAT, UT US",39.5,-111.73,2197.9
"MOUNT BALDY, UT US",39.14,-111.51,2893.8
"YANKEE RESERVOIR, UT US",37.75,-112.78,2654.2
"THISTLE FLAT, UT US",39.24,-111.52,2699.9
"LEHI 2.0 NNE, UT US",40.4306,-111.8436,1463
"GBRC HQ, UT US",39.32,-111.49,2603.3
"GBRC MEADOWS, UT US",39.3,-111.45,2980.9
"WRIGLEY CREEK, UT US",39.13,-111.35,2792.6
"HOBBLE CREEK, UT US",40.19,-111.36,2255.2
"BEVANS CABIN, UT US",40.46,-112.25,1959.9
"UPPER JOES VALLEY, UT US",39.42,-111.25,2646
"HUNTINGTON HORSE, UT US",39.61,-111.3,2943.5
"REDDEN MINE LWR, UT US",40.67,-111.22,2590.8
"PROVIDENCE 0.5 NW, UT US",41.70988373,-111.8195155,1394.5
"SALT LAKE CITY 3.8 E, UT US",40.772828,-111.857103,1403
"SALT LAKE CITY 4.5 SE, UT US",40.722328,-111.817091,1443.2
"DRAPER 1.9 WNW, UT US",40.50993333,-111.8975333,1349.3
"PARK CITY 8.7 NW, UT US",40.74549,-111.60951,2083.3
"WENDOVER 1 SSW, UT US",40.7294,-114.0382,1293.6
"CORRAL, UT US",39.66,-110.38,2486.9
"SIXMILE RIDGE 0.5 SW, UT US",39.31031,-112.39163,1546.9
"WOODROW 0.9 NNW, UT US",39.44554,-112.6349,1403.9
"OASIS 1.2 NE, UT US",39.30656,-112.6105,1404.8
"AMERICAN FORK 1.1 ESE, UT US",40.37902,-111.77439,1409.1
"SOUTH OGDEN 1.2 ESE, UT US",41.1682,-111.936377,1487.4
"SUU RANCH, UT US",37.6,-112.92,2493
"VERNAL 1.2 SE, UT US",40.438517,-109.521238,1613.3
"SUNFLOWER FLAT, UT US",38.05,-111.34,3034.9
"TAKKA WIIYA, UT US",39.74,-113.98,2794.4
"HYDE PARK 1.0 SSW, UT US",41.784388,-111.820536,1376.2
"TAYLORSVILLE BENNION 2.0 WSW, UT US",40.6474,-111.9814,1400.3
"MONTICELLO 2.3 SW, UT US",37.849846,-109.366592,2190.3
"FRUIT HEIGHTS 1.3 N, UT US",41.04771,-111.9068,1463.6
"HEBER CITY 10.1 ESE, UT US",40.461221,-111.228508,2531.4
"SANDY 1.7 WNW, UT US",40.579453,-111.883522,1372.8
"LONESOME BEAVER, UT US",38.08,-110.77,2956.6
"PANGUITCH LAKE RANGER STATION, UT US",37.7,-112.65,2545.1
"NAPLES 2.8 SSE, UT US",40.396,-109.463,1564.2
"JENSEN 0.4 WSW, UT US",40.3685,-109.3525,1453.3
"HUNTSVILLE 7.3 ENE, UT US",41.31026,-111.64868,1826.1
"WEST BOUNTIFUL 1.0 NNE, UT US",40.91496658,-111.898056,1289.6
"VALLEY OF THE GODS, UT US",37.2681,-109.9272,1611.5
"SALT LAKE CITY 8.3 WSW, UT US",40.699398,-112.024537,1300.9
"BRIGHAM CITY 0.6 W, UT US",41.509,-112.0208,1346.6
"TREMONTON 2.9 WSW, UT US",41.6953392,-112.2279587,1308.2
"LOVELL HOLLOW 0.2 NW, UT US",39.3549,-112.361,1545.3
"IVINS 0.8 NW, UT US",37.18386725,-113.6947035,977.2
"CASTLE VALLEY 0.7 WNW, UT US",38.637,-109.411,1440.5
"BEAVER 0.8 E, UT US",38.27785,-112.62444,1822.7
"JARVIE RANCH 1 S, UT US",40.8835,-109.1802,1729.4
"CASTLE VALLEY 1 SE, UT US",38.6225,-109.3916,1495
"CEDAR CITY 4.4 SW, UT US",37.6431,-113.1284,1738.9
"OREM 1.7 SSW, UT US",40.277833,-111.714792,1401.8
"MANTI RADIO KMTI, UT US",39.27287,-111.65815,1675.8
"PANGUITCH 0.1 E, UT US",37.8237,-112.4362333,2021.1
"ST. GEORGE 11.9 N, UT US",37.248,-113.617,1382.6
"ST GEORGE MUNICIPAL AIRPORT, UT US",37.1,-113.6,894.9
"MOAB 2.7 SE, UT US",38.5442667,-109.5125608,1342.9
"VERNAL 1.6 W, UT US",40.452395,-109.56572,1664.2
"CEDAR CITY 5.6 NW, UT US",37.750257,-113.142552,1677.9
"NEWCASTLE 0.6 SSW, UT US",37.662171,-113.5537783,1617.3
"MURRAY 1.1 NW, UT US",40.66324,-111.90695,1294.5
"SALT LAKE CITY 4.1 ESE, UT US",40.761907,-111.854527,1399.3
"BEAR RIVER CITY 2.3 WNW, UT US",41.62398333,-112.1657,1297.8
"TREMONTON 1.8 WNW, UT US",41.723631,-112.209939,1344.5
"ORTON 4.7 SSE, UT US",37.906383,-112.387033,2024.8
"ST GEORGE 3.1 NW, UT US",37.113959,-113.614352,838.2
"ST. GEORGE 4.1 SSW, UT US",37.02829,-113.61915,778.5
"HELPER 0.3 SW, UT US",39.686729,-110.863902,1812.6
"PRICE 2.2 W, UT US",39.60669,-110.84129,1713.3
"CEDAR BREAKS N.M., UT US",37.6094,-112.8377,3161.4
"LOGAN 2.0 NNW, UT US",41.7662,-111.8518,1363.7
"PROVIDENCE 0.2 W, UT US",41.70482,-111.81739,1403.6
"PROVIDENCE 0.7 NW, UT US",41.71355,-111.82136,1385.9
"COALVILLE 0.3 WSW, UT US",40.9156,-111.3989,1703.5
"PAROWAN 0.5 NNW, UT US",37.839243,-112.822288,1849.5
"EAST MILLCREEK 0.7 NNW, UT US",40.697485,-111.826435,1399.9
"MAGNA 1.0 SW, UT US",40.694503,-112.100059,1355.8
"MURRAY 1.8 SE, UT US",40.634944,-111.866639,1342
"MILLCREEK 1.4 E, UT US",40.68815,-111.8479,1330.5
"CEDAR VALLEY 1.9 S, UT US",40.2932,-112.0975,1513.3
"BEAVER 0.5 WNW, UT US",38.28057,-112.6482,1799.2
"EPHRAIM 0.1 W, UT US",39.359493,-111.586731,1690.4
"RANDOLPH 0.4 NNW, UT US",41.66962,-111.1856,1919.9
"HYRUM 1.5 E, UT US",41.63065,-111.81594,1473.4
"LOGAN 0.5 WSW, UT US",41.73704,-111.8434,1378.6
"MONTICELLO 0.8 SW, UT US",37.86402,-109.34553,2139.4
"CLARKSTON 0.5 SW, UT US",41.91463,-112.05402,1505.1
"PARK CITY 1.4 NNW, UT US",40.67534,-111.49992,2051.9
"OAKLEY 0.9 SW, UT US",40.714203,-111.301292,1959.9
"HEBER CITY 0.7 E, UT US",40.5049,-111.397813,1730.3
"DUTCH JOHN 0.1 SE, UT US",40.928218,-109.389969,1950.4
"GREEN RIVER 2.8 WNW, UT US",39.0034,-110.1343,1244.8
"OREM 1.4 ESE, UT US",40.288515,-111.674662,1462.7
"HELPER 0.2 WSW, UT US",39.688762,-110.86294,1805.9
"EDEN 0.3 ENE, UT US",41.3010274,-111.8139368,1510.6
"SUNSET 0.4 SW, UT US",41.13411,-112.032742,1375.9
"BOUNTIFUL 0.6 SW, UT US",40.87,-111.8728,1403.9
"CENTERVILLE 1.3 N, UT US",40.945444,-111.885087,1300
"BOUNTIFUL 2.0 SW, UT US",40.85432,-111.88988,1392
"LOGAN 2.6 N, UT US",41.776699,-111.825548,1376.2
"HYRUM 0.8 SE, UT US",41.624215,-111.83467,1464.3
"MONTICELLO 1.2 E, UT US",37.872061,-109.314228,2099.5
"WANSHIP 1.0 NW, UT US",40.8106,-111.4131,1797.1
"CLINTON 0.9 WNW, UT US",41.1479733,-112.0779352,1306.4
"GRANTSVILLE 1.1 NW, UT US",40.60819,-112.4821,1311.6
"MANTUA 0.6 WNW, UT US",41.50482,-111.94357,1581
"CASTLE DALE 0.8 NW, UT US",39.22956,-111.03016,1787
"MOAB 19.1 ENE, UT US",38.662056,-109.213246,1799.8
"PRICE 6.6 ESE, UT US",39.569841,-110.684352,1675.5
"SOUTH OGDEN 1.3 N, UT US",41.193462,-111.962296,1371.3
"WELLSVILLE 0.4 NW, UT US",41.635446,-111.937668,1393.5
"CLEARFIELD 1.7 WSW, UT US",41.097096,-112.053144,1321.6
"NIBLEY 1.0 WNW, UT US",41.6803279,-111.8581579,1378
"BLANDING 3.9 ENE, UT US",37.643932,-109.412954,1881.8
"MONTICELLO 0.4 SW, UT US",37.867938,-109.340672,2147.9
"BLANDING 0.3 WSW, UT US",37.623755,-109.4855667,1862.6
"SYRACUSE 2.4 S, UT US",41.061614,-112.055646,1292.4
"KAYSVILLE 1.5 SE, UT US",41.0139667,-111.924638,1333.2
"KAYSVILLE 1.2 N, UT US",41.0476,-111.94055,1339
"WHITEROCKS 9 N, UT US",40.61306,-109.92861,2243.6
"HEBER CITY 0.4 SE, UT US",40.50326,-111.406012,1720.9
"IVINS 1.1 ESE, UT US",37.170251,-113.667358,936.3
"WEST JORDAN 2.4 NW, UT US",40.6273667,-112.0212985,1458.2
"BLACKS FORK COMMISSARY, UT US",40.9608,-110.5794,2688.3
"IVINS 1.5 SE, UT US",37.158179,-113.666916,904.3
"NUTTER S RANCH, UT US",39.80823,-110.25705,1764.8
"PLEASANT VIEW 1.2 S, UT US",41.306944,-111.995833,1315.8
"LEHI 2.0 WNW, UT US",40.41566,-111.88884,1383.8
"SCOFIELD DAM, UT US",39.78554,-111.11922,2331.7
"VERNAL 1.5 SSW, UT US",40.4333,-109.54825,1652.6
"WEST WEBER 0.7 E, UT US",41.251453,-112.067125,1292.7
"MOAB 17.8 SSE, UT US",38.3282903,-109.4449545,1810.8
"MONTICELLO 0.3 W, UT US",37.8723,-109.341453,2154.6
"MOON LAKE, UT US",40.56173,-110.49252,2476.5
